EmployeeID,Name,Age,Department,Gender,Salary,JoinDate,PerformanceScore,Status
1351,Angela Howard,22,Operations,Female,47962.61,2022-01-10,2.4,Terminated
1104,Frederick Schaefer,58,HR,M,88672.94,2016-08-12,2.5,Active
1090,Gary Becker,22,Operations,Male,59931.56,2023-06-03,2.0,Active
1446,Brittany Baker,22,Operations,Male,23958.69,2019-04-20,2.6,Active
1147,Dr. Tina Ballard,36,Sales,M,59808.84,2017-10-07,3.3,Active
1156,Alexander Harris,25,Finance,Fmale,60703.73,2021-09-15,1.1,Active
1375,Jennifer Holt,41,Finance,Female,49837.87,2023-02-13,,Active
1414,Melissa White,25,Marketing,Male,52264.24,2021-09-29,4.9,Active
1410,Glenn Perez,42,HR,Male,38425.83,2022-05-29,3.6,On Leave
1439,Larry Grant MD,56,HR,Fmale,72785.27,2021-08-19,3.6,Active
1174,Beth Sullivan,37,Finance,Fmale,66614.52,2020-04-16,3.7,Terminated
1366,Katrina Ford,34,Sales,Male,64100.5,2016-04-10,4.0,Terminated
1068,Sara Parsons,57,Finance,M,71619.51,2022-12-10,2.7,Active
1484,Jasmine Chapman,48,Operations,Female,66824.58,2017-12-21,3.9,Terminated
1376,Tyler Adams,42,Marketing,Fmale,,2015-12-29,1.7,Terminated
1002,Jeremy Brock,32,Operations,Fmale,50768.55,2017-02-07,3.4,Active
1461,Elizabeth Hill,49,IT,Fmale,66774.49,2017-06-08,3.1,Active
1496,Brandon Johnson,22,Operations,M,72849.26,2017-05-26,1.0,On Leave
1415,Jessica Barrett,30,HR,Female,60363.29,2025-04-30,2.7,Terminated
1227,Patricia Estes,23,HR,Female,72266.29,2025-05-20,3.5,Active
1142,Derek James,40,HR,Female,70445.27,2015-08-17,3.1,Terminated
1480,Anna Johnson,42,IT,Fmale,46898.86,2022-06-21,3.2,Terminated
1085,Andrew Coleman,59,HR,Female,63674.5,2016-12-16,4.3,Active
1259,Lisa Brown,40,Sales,Male,67842.53,2016-08-16,3.0,Terminated
1482,Charles Dixon,39,Finance,M,54631.33,2020-04-18,3.3,Active
1019,Renee Jones,47,HR,Male,,2023-10-23,3.8,Active
1332,Erika Bishop,27,Sales,M,55497.9,2017-08-09,2.5,Active
1420,Michael Neal Jr.,32,Finance,M,64562.89,2024-01-31,3.6,Terminated
1056,Charles Joyce,28,IT,M,34622.73,2022-02-14,4.2,Active
1322,Roberto Howard,54,IT,Male,78405.75,2018-11-19,3.0,Terminated
1422,Susan Nixon,47,Marketing,M,59656.98,2024-12-23,2.0,Active
1387,Christian Williams,56,Sales,Male,75494.46,2018-12-24,1.7,On Leave
1310,Kenneth White,28,IT,Male,39717.53,2023-10-19,2.6,Active
1066,Leslie Larson,58,IT,M,75486.98,2019-10-07,2.4,On Leave
1384,Mrs. Catherine Jacobson,35,Finance,Fmale,43849.65,2018-02-08,4.0,On Leave
1454,Janet Roberts,40,Finance,M,61697.01,2018-05-24,4.6,Active
1355,Charles Wise,30,Marketing,Male,41211.16,2020-12-07,3.5,On Leave
1101,Joshua Yu,32,Finance,Female,34302.98,2016-09-22,4.4,Active
1278,Edward Hall,41,Marketing,M,58789.25,2025-03-03,,Terminated
1281,Garrett Pitts,29,Marketing,M,50643.47,2024-07-27,1.7,Active
1301,Tamara Boyle,32,Sales,Female,51895.17,2021-03-27,4.2,On Leave
1021,Devin Mitchell,53,Sales,Female,48269.28,2020-11-29,3.2,Active
1335,Jacob King,27,Operations,Fmale,35153.51,2019-02-01,3.3,On Leave
1385,Sara Hill,26,IT,Fmale,52667.26,2024-02-12,,Active
1298,Reginald Kelly,55,Marketing,Male,59061.1,2021-10-24,3.5,On Leave
1200,Heather Clark,38,Sales,Female,58793.76,2022-08-31,2.5,Active
1307,Abigail Turner,26,Finance,M,67865.44,2019-03-04,1.9,Terminated
1398,Jordan Rodriguez,33,Finance,Fmale,69162.15,2017-08-16,1.5,Active
1078,Brittany Bates,34,Finance,M,51126.43,2022-02-19,2.0,Active
1341,Jesse Vasquez,58,Finance,Fmale,66273.1,2019-07-08,1.5,Active
1177,Scott Patterson,26,HR,Male,41377.48,2016-08-16,3.4,Terminated
1266,Courtney Lowe,39,IT,Fmale,51408.47,2020-01-31,3.9,Active
1121,Deborah Parker,57,Sales,Female,69212.5,2017-12-28,1.8,Terminated
1193,Louis Newman,51,Marketing,Female,74785.84,2020-10-17,4.2,On Leave
1216,Bryce Barrett,38,Operations,M,96807.63,2016-09-08,4.3,Active
1029,Melissa Vaughan,33,Marketing,M,59721.74,2017-04-10,2.1,Terminated
1184,George Smith,43,Operations,M,59949.74,2019-06-24,4.6,Terminated
1181,Jacqueline Terry,30,Sales,Female,62562.98,2019-10-29,3.1,Terminated
1025,Patrick Pitts,49,Operations,Fmale,70861.25,2025-07-25,,On Leave
1162,Melvin Richards,55,Finance,Female,25188.94,2018-02-06,3.3,Terminated
1232,Laura Brown,47,IT,Male,44602.27,2018-12-01,4.4,On Leave
1110,Steven Shepard,55,IT,M,67878.18,2021-06-15,3.2,Active
1348,Michael Lewis,55,Marketing,Male,57499.14,2015-10-20,2.8,Terminated
1440,Hunter Hawkins,58,HR,M,49732.23,2021-10-09,1.5,On Leave
1447,Nichole Andersen,39,Marketing,M,,2016-03-25,1.6,Terminated
1380,Ronald Hartman,33,IT,M,51732.21,2016-06-05,3.8,On Leave
1201,Charles Palmer,55,HR,M,61194.87,2021-11-05,2.6,On Leave
1363,Joseph Mitchell,42,Sales,Male,40596.62,2017-04-05,2.3,Active
1252,Michael Wells,47,HR,M,48292.89,2018-06-01,1.5,Active
1285,Monica Webster,26,Marketing,Female,32235.89,2019-03-01,3.4,On Leave
1033,Matthew Williams,59,IT,Male,81041.91,2018-10-10,3.1,Active
1295,Robin Jones,36,Finance,M,94929.29,2017-09-28,4.3,Terminated
1323,Donald Curtis,35,Finance,Male,55637.91,2024-04-26,2.5,On Leave
1441,Barbara Davis,30,Sales,Male,74627.96,2024-09-15,3.3,Terminated
1068,Sara Parsons,57,Finance,M,71619.51,2022-12-10,2.7,Active
1292,Joshua Owen,56,HR,Female,55446.96,2019-08-21,3.6,On Leave
1228,William Mason,45,Marketing,Male,37659.1,2024-10-20,1.5,On Leave
1067,Sydney Banks,51,Operations,Fmale,66657.29,2019-11-11,1.4,Terminated
1222,Jeffery Benson,34,Marketing,Male,60538.42,2021-08-05,4.5,On Leave
1041,Lindsay Love,45,HR,M,69795.72,2019-02-18,2.5,Active
1479,Julia Flores,24,HR,Fmale,44048.97,2016-06-24,1.2,On Leave
1302,Johnny Bradford,57,HR,Fmale,67703.11,2020-08-17,1.3,Active
1042,James Conley,46,Sales,Male,,2020-02-18,1.6,Active
1224,Pamela Hernandez,59,HR,Male,67609.11,2021-12-25,4.5,On Leave
1180,Holly Phillips,35,HR,Female,59535.63,2023-07-13,3.8,Active
1334,Dr. James Smith Jr.,49,Sales,Female,60541.65,2018-01-20,3.0,Terminated
1132,Matthew Davidson,51,Operations,M,73618.08,2025-07-08,3.7,On Leave
1486,Michelle Owens,27,HR,Fmale,61135.08,2022-09-08,2.9,Terminated
1210,Jonathan Erickson,58,HR,Fmale,46752.64,2018-12-23,2.7,Terminated
1070,Patrick Brown,37,IT,Male,71339.03,2021-10-15,1.1,On Leave
1015,Stephanie Turner,45,Operations,M,73958.77,2019-01-25,4.7,On Leave
1356,Chelsea Mcfarland,46,HR,M,52463.06,2016-02-17,1.2,On Leave
1280,Laura Gregory,44,Marketing,Male,,2018-05-19,2.2,Active
1270,Shannon Shaw,49,Operations,Fmale,63528.0,2023-04-10,3.6,Active
1155,Patrick Bell,39,Sales,Fmale,56957.31,2017-08-18,4.7,Active
1226,Keith Flores,57,HR,Male,62200.71,2021-01-24,4.0,On Leave
1329,Jerome Gray,56,Marketing,M,68047.65,2024-02-19,4.9,Active
1013,Thomas White,47,Marketing,Male,61446.25,2017-11-30,2.2,Terminated
1382,Michael Vasquez,49,HR,M,57095.11,2016-05-21,5.0,Terminated
1315,Brianna Maynard,24,Marketing,Male,30093.97,2022-08-20,3.7,Terminated
1194,John Russell,33,Marketing,M,51083.03,2021-10-01,4.5,Terminated
1321,Pamela Hanson,22,Sales,Fmale,61127.81,2018-05-26,1.4,Terminated
1038,Kathleen Jenkins,56,Operations,Fmale,73896.85,2021-10-28,1.7,On Leave
1286,Tony Anderson,54,Marketing,M,74151.96,2023-03-10,4.5,Terminated
1003,Melissa Simmons,43,HR,Female,61197.48,2021-02-24,1.0,On Leave
1026,Kyle Jones,34,Operations,Male,56163.53,2022-07-16,1.0,On Leave
1457,Matthew Welch,44,Marketing,Female,72279.46,2021-05-28,3.7,Terminated
1118,Patricia Kane,26,Finance,Fmale,75679.69,2016-12-11,1.8,On Leave
1287,Lee Miller,34,IT,M,50934.92,2019-08-23,4.1,Terminated
1392,Anthony Day,31,Sales,Male,56944.89,2017-06-01,4.0,Terminated
1358,Jessica Garner,37,IT,Fmale,43994.75,2021-03-06,3.6,On Leave
1474,Thomas Chen,48,Sales,Fmale,61465.14,2018-08-15,1.1,On Leave
1400,Jesse Hatfield,55,Operations,Fmale,57537.31,2019-07-29,3.2,Active
1471,Jessica Anderson,52,IT,Fmale,66546.38,2017-07-10,4.4,Active
1371,Melissa Davis,48,Finance,M,52280.38,2024-08-16,,On Leave
1466,Mark Johnson,51,Finance,Male,86629.66,2018-06-12,4.2,On Leave
1054,Mr. Adam Davis MD,47,IT,Female,43796.99,2019-05-12,3.8,On Leave
1341,Jesse Vasquez,58,Finance,Fmale,66273.1,2019-07-08,1.5,Active
1130,William Lopez,42,HR,Fmale,35430.09,2018-04-21,2.0,Active
1389,Kerry Benson,56,HR,Fmale,84918.89,2022-10-17,1.6,Active
1391,John Day,45,IT,Female,58497.69,2017-04-13,2.0,On Leave
1206,William Stanley,31,Marketing,Male,81140.21,2023-08-30,2.3,On Leave
1151,Paul Lynn,36,IT,Fmale,53335.6,2021-10-05,3.9,Active
1008,Kayla Hicks,28,HR,M,74211.6,2018-05-17,4.3,Active
1399,Andrea Jackson,25,IT,M,47653.23,2019-03-21,3.2,Terminated
1328,Tyler Jordan,37,IT,Female,77494.54,2017-04-13,4.3,Terminated
1172,Amanda Gilmore,29,Finance,Male,79073.33,2018-09-27,4.2,Terminated
1176,Nicholas Jenkins,40,HR,M,56143.17,2024-03-24,2.7,On Leave
1478,Amber Roberts,34,Operations,Fmale,37705.84,2024-09-21,4.0,Active
1229,Lauren Thomas MD,28,HR,M,68070.34,2021-12-12,3.5,On Leave
1115,Linda Brown,52,IT,Female,84176.89,2025-03-25,3.8,Terminated
1437,Patrick Cantu,25,Sales,Fmale,54643.46,2019-03-31,5.0,Active
1069,Antonio Nolan,31,HR,Female,60027.2,2018-06-22,3.7,Active
1445,Ryan Molina DDS,25,Sales,Fmale,56151.18,2018-11-17,4.8,Terminated
1377,Jacqueline Mclaughlin,41,IT,Male,74707.27,2021-07-01,3.9,Terminated
1343,Tiffany Franco,26,Finance,M,45088.41,2016-03-27,2.8,Active
1468,Michael Mills,57,Sales,M,66858.45,2022-01-19,3.1,Terminated
1161,Randy Crawford,56,Sales,M,72783.7,2019-10-24,2.4,Active
1241,Crystal Torres,45,Finance,Fmale,74257.54,2018-03-24,4.9,Active
1419,Justin Thomas,49,Operations,Male,64064.62,2020-10-30,3.8,Terminated
1071,Tyrone Acosta,48,Finance,Female,69117.58,2017-03-02,1.5,On Leave
1166,Mark Ewing,34,IT,M,57531.97,2020-10-19,2.7,Terminated
1458,Christopher Johnson,49,IT,M,41924.95,2025-07-20,4.6,Terminated
1153,Kimberly Smith,48,Finance,M,44124.22,2017-11-30,3.3,On Leave
1135,David Wise,22,Sales,Fmale,37135.64,2024-05-07,1.6,On Leave
1031,Amanda Anderson,54,IT,Male,81502.73,2022-02-23,2.8,Active
1189,Jeffrey Flowers,55,Finance,Female,67798.08,2023-07-07,2.9,Active
1011,Kevin Lin,57,IT,Female,71077.0,2019-08-08,1.8,Active
1283,Kristen Wright,47,HR,Fmale,,2015-08-23,4.7,Active
1018,Tanya King,56,Finance,Fmale,78502.45,2020-09-18,3.9,On Leave
1485,Jessica Brown,33,Marketing,M,49822.06,2023-07-24,2.9,Terminated
1231,Natalie Davis,25,Finance,Male,76104.48,2020-06-18,3.3,Active
1421,Jonathan Sharp,45,Sales,Fmale,79454.92,2022-04-10,1.7,Active
1350,Heidi Bowman,58,Marketing,M,,2019-04-05,1.2,On Leave
1120,Audrey Cox,51,Finance,Fmale,42595.12,2018-07-18,,On Leave
1340,Jose Walter Jr.,56,IT,M,74014.8,2020-05-18,2.7,Terminated
1199,Whitney Wilson,29,IT,Fmale,76936.04,2023-03-11,2.3,On Leave
1412,Lauren Lopez,24,Marketing,Male,47304.65,2021-08-03,1.7,Active
1488,Sheri Evans,44,Finance,Male,58820.74,2018-05-26,3.0,Active
1218,Colleen Kaufman,49,IT,M,86938.17,2024-01-10,1.2,Terminated
1030,Jackson Acosta,23,Operations,Female,34897.43,2021-08-18,1.2,On Leave
1267,Samantha Olson,29,Sales,Female,84854.83,2023-12-21,2.5,Terminated
1143,Rodney Brown,46,Sales,Female,52488.2,2023-01-02,4.6,On Leave
1195,Jessica Haley,42,HR,Fmale,72072.05,2019-05-30,4.9,On Leave
1342,Michael Woods,59,IT,Fmale,58472.76,2020-07-04,4.0,On Leave
1257,Joseph Nash,43,Finance,Female,91128.91,2018-10-24,3.9,On Leave
1215,Adam Calderon,56,Finance,Male,69471.69,2021-07-07,3.1,Active
1268,Tammy Nelson,58,Sales,Female,36893.72,2020-11-11,3.0,Active
1095,Alexander Cunningham,44,IT,M,92847.04,2019-07-14,1.8,Terminated
1349,Christopher Munoz,38,Operations,M,60480.06,2021-10-14,3.9,On Leave
1179,Jessica Krause,56,HR,Fmale,74577.34,2023-09-14,,Active
1306,Thomas Rush,31,IT,M,49606.42,2016-07-08,4.1,Terminated
1290,Tina Mercado,22,Operations,Female,74222.65,2019-07-30,2.6,Terminated
1004,Cameron Hoffman,54,Sales,Male,57607.25,2020-10-28,3.1,On Leave
1043,Brianna Kirby,56,Operations,Female,42130.45,2018-07-24,1.9,On Leave
1164,Robert Norton,43,IT,Fmale,64157.72,2023-08-19,1.9,On Leave
1396,Anthony Bell,35,Marketing,Female,67739.09,2020-09-29,4.9,Active
1171,Victor Meza,54,Finance,Fmale,,2022-05-29,1.9,Terminated
1282,Brandon Barrett,47,Finance,Male,88710.47,2024-09-15,1.1,Active
1091,Curtis Thomas,46,HR,Female,54851.98,2017-03-04,1.0,Terminated
1369,Kenneth Hoffman,22,IT,Fmale,68086.98,2021-09-08,1.8,Terminated
1204,Joseph Simmons,34,Finance,M,57056.08,2015-12-06,4.8,Terminated
1160,Vincent Fernandez MD,30,Finance,Female,76412.87,2022-02-26,4.2,Terminated
1173,Casey Bridges,54,IT,Female,85749.87,2016-12-25,5.0,Terminated
1432,Erika Palmer,45,HR,Female,,2021-02-05,4.9,Terminated
1245,Julie Cochran MD,41,HR,Fmale,39625.93,2020-03-04,1.3,On Leave
1304,Justin Robinson,31,IT,Fmale,65759.57,2015-11-25,2.4,Terminated
1237,Stephanie Callahan,23,Operations,Fmale,49148.45,2022-06-10,4.5,On Leave
1014,Jack Richards,46,IT,Fmale,66286.53,2015-12-13,4.1,Active
1331,Mary Thomas,52,HR,Fmale,96973.16,2020-09-30,1.7,On Leave
1217,Steven Collins,46,Marketing,Female,83212.58,2024-08-12,4.5,Active
1213,Ashley Chapman,31,HR,M,,2023-04-06,4.8,Active
1223,Mario Perkins,49,Finance,Male,72307.23,2023-06-17,3.7,Terminated
1183,Angela Martin,57,Marketing,Female,48605.41,2018-08-02,3.0,On Leave
1495,Robert Garcia,56,Sales,Fmale,,2024-09-30,4.0,On Leave
1158,Edwin Smith,32,Operations,Fmale,57247.96,2019-04-02,1.5,Terminated
1319,Laurie Reeves,33,Marketing,Fmale,79710.14,2022-02-22,4.7,On Leave
1469,Miss Brianna Garcia MD,49,Operations,M,43414.43,2017-03-09,2.4,On Leave
1465,Jason Salazar,42,Operations,Fmale,50306.59,2024-10-27,2.1,Active
1007,Angel Wade MD,39,Finance,Male,50996.19,2023-10-31,3.7,On Leave
1109,Derek Nguyen,42,HR,Fmale,77244.35,2016-10-17,3.5,Active
1313,Kerri French,27,Marketing,M,51201.54,2021-10-21,1.3,Terminated
1055,Christopher Allen,50,Finance,Male,49995.85,2021-02-10,3.4,On Leave
1036,Dr. Laura Hurst,53,Operations,M,73103.84,2015-09-07,4.8,Active
1175,Michelle Howard,52,Marketing,M,50948.46,2021-10-31,3.9,On Leave
1463,Ryan Nguyen,56,Sales,Male,47460.69,2019-02-01,4.6,Active
1100,Renee Ramirez,54,Finance,M,58015.51,2018-01-07,2.9,On Leave
1260,Debra Powers,39,HR,M,51394.5,2017-05-14,2.3,On Leave
1424,Monica Castro,32,IT,Fmale,78855.9,2020-10-19,2.0,Active
1113,Linda Gallegos,31,Marketing,Male,61920.62,2016-03-10,1.8,Active
1236,Jennifer Irwin,36,Finance,Female,53902.61,2020-04-19,3.8,Active
1129,Douglas Harrison,55,Sales,Male,59831.59,2017-01-27,,Terminated
1442,Gail Lee,33,Marketing,Fmale,67516.41,2020-01-03,2.9,On Leave
1368,Steve Sloan,58,Sales,Fmale,33588.56,2025-02-16,,Active
1411,Walter Lopez,39,Marketing,Fmale,67270.99,2016-05-13,2.3,On Leave
1460,Cynthia Nelson,34,Marketing,Fmale,,2021-06-06,3.5,On Leave
1345,Martin Martinez,39,IT,M,25459.55,2016-08-07,2.8,Terminated
1148,Michelle Williams,54,HR,M,75815.93,2021-09-10,4.1,Terminated
1277,Jessica Brown,56,Finance,Fmale,70989.6,2025-01-06,3.0,Terminated
1024,Justin Chan,41,IT,Fmale,73389.44,2018-09-28,3.2,Active
1099,Jeffrey Camacho,46,IT,Male,70503.64,2018-03-24,,Active
1190,Renee Alvarado,41,Marketing,Female,58225.15,2018-11-02,4.4,Terminated
1119,Dr. Jeffrey Alvarado MD,35,Operations,Male,41722.66,2016-05-27,2.9,On Leave
1426,Anthony Hines,41,Sales,M,49868.08,2019-04-04,4.3,Active
1490,Terri Valdez,30,Sales,Male,54946.53,2023-05-26,1.0,Terminated
1353,Robert Stanton,26,Finance,Fmale,77785.56,2021-07-22,1.1,Active
1145,Steven Thomas,54,Operations,Female,70302.48,2024-04-17,1.9,Terminated
1061,Vanessa Robinson,51,Finance,Female,92159.16,2021-12-20,4.9,Active
1311,Timothy Olson,32,HR,Male,64540.28,2018-07-01,2.1,On Leave
1233,Ashley Garrett,50,Sales,Fmale,90306.03,2025-05-24,2.5,On Leave
1378,William Ray,25,IT,Female,56161.78,2022-01-30,2.9,Active
1152,Marcus Williams,52,IT,Fmale,65659.51,2025-01-30,3.3,On Leave
1187,Evelyn Myers,22,Marketing,Female,62801.5,2025-07-29,2.6,Active
1170,Amber Maynard,24,Operations,Female,6476.92,2022-05-18,2.1,On Leave
1012,Margaret Kelly,42,IT,Male,62570.52,2019-11-03,2.1,Active
1406,Rodney Flores,49,Operations,Fmale,66892.46,2023-11-20,1.1,On Leave
1269,James Anderson,35,HR,M,26483.6,2021-02-28,1.7,Terminated
1284,Abigail Lopez,54,HR,Male,75759.82,2017-06-20,4.8,On Leave
1182,Catherine Shaw,44,Finance,Male,57240.25,2023-02-25,4.3,Terminated
1337,Maria Schroeder,36,Marketing,M,50798.96,2017-05-07,1.2,Active
1127,Marcus Campbell,24,Marketing,Fmale,55528.42,2016-07-04,3.9,Active
1205,Lisa Diaz,50,Sales,Female,52240.67,2024-10-07,3.5,Terminated
1373,Nicole Wilson,55,HR,Male,71607.49,2025-01-29,4.4,On Leave
1128,Sandra Woods,40,Sales,M,92592.63,2018-12-24,2.3,Terminated
1497,Gary Livingston,30,Operations,Fmale,68767.55,2024-02-03,1.4,Active
1425,Jennifer Brown,37,Marketing,Fmale,,2025-02-16,3.7,Active
1058,Christopher Phillips,43,HR,Male,53858.87,2017-11-30,1.1,Active
1383,Joshua English MD,54,Sales,Female,87927.09,2016-12-08,1.5,Terminated
1131,Sarah Williams,32,Operations,M,62609.49,2024-07-02,1.0,On Leave
1473,Christine Lawson,26,Operations,M,43278.78,2020-04-22,1.8,Active
1238,Steven Price,49,Finance,Male,70967.18,2025-08-01,4.6,On Leave
1265,Alexander Harper,57,Operations,M,35505.72,2022-09-11,4.6,Terminated
1388,Paul Mccall,31,Operations,M,57075.82,2018-03-25,3.8,Terminated
1075,Lisa Williams,32,Sales,Female,65430.21,2019-12-12,2.1,Terminated
1167,Julie Johnson,53,Marketing,Fmale,93847.26,2023-08-22,4.3,On Leave
1107,Larry Conway,24,Sales,M,77689.46,2020-05-19,3.2,On Leave
1244,Sharon Griffith,36,Marketing,Female,64848.69,2021-07-16,1.5,Terminated
1092,Brenda Cole DVM,42,Marketing,M,,2020-05-03,4.7,Active
1438,Ashley Hays,37,Finance,Fmale,71915.75,2021-06-22,4.2,Active
1305,Richard Parker,45,Sales,M,41342.05,2021-07-02,2.1,On Leave
1276,Christina Clark,30,Marketing,Male,76341.55,2023-01-30,4.7,Active
1157,Monique Rose,49,Sales,M,50551.93,2017-06-13,1.4,Terminated
1365,Amy Lane,50,Operations,Male,50968.42,2017-12-26,3.0,Terminated
1086,Antonio Anderson,26,Finance,M,52395.85,2015-09-28,1.9,Active
1191,Amanda Williams,55,Operations,Fmale,52798.16,2023-08-01,2.4,Terminated
1040,Mark Bennett,37,Marketing,Fmale,62286.31,2022-07-31,4.5,Active
1112,Lauren Kaiser,38,IT,Male,27437.01,2023-06-27,1.6,Active
1379,Andrew Christian MD,40,Marketing,Fmale,71675.42,2021-06-04,1.3,On Leave
1333,Brian Nelson,55,HR,Male,36281.14,2016-12-06,4.1,Terminated
1433,Daryl Eaton,40,HR,Male,72651.21,2021-03-19,3.5,Terminated
1005,Sherry Livingston,48,Marketing,Male,44807.53,2017-12-07,2.5,Active
1347,Jeremy Price,22,HR,M,64877.65,2022-11-25,4.1,Active
1105,Brian Bell MD,30,Finance,Female,39471.15,2016-08-14,3.5,On Leave
1336,Dan Moreno,46,Operations,Fmale,78846.55,2017-01-29,5.0,Terminated
1444,Dean Gibson,50,Finance,Female,74293.12,2017-09-01,3.7,On Leave
1165,Nicholas Best,38,Sales,Fmale,48013.34,2018-05-22,3.0,On Leave
1106,Jonathan Johnson,29,Finance,Male,,2021-01-01,3.0,On Leave
1242,Amy Stewart,38,Marketing,M,54855.36,2022-06-30,1.6,Active
1436,Andrew Cameron,32,Operations,Male,54760.25,2015-10-01,1.9,Active
1254,Jennifer Hester,27,IT,Fmale,53325.25,2017-05-28,3.5,On Leave
1263,Ryan Hopkins,45,Finance,Fmale,32035.03,2024-03-23,5.0,Terminated
1395,Alexander Elliott,36,IT,Fmale,61004.86,2016-12-16,1.2,On Leave
1404,David Ortiz,53,Sales,Fmale,49661.56,2023-08-12,1.7,On Leave
1083,Samantha Dawson,35,Sales,Male,28649.73,2022-09-23,2.4,Active
1448,Evan Martin,22,Operations,Male,26883.74,2022-10-16,2.9,Terminated
1072,Curtis Edwards,58,HR,Male,75487.69,2022-10-08,4.3,Active
1088,Dalton Mendoza,52,Marketing,Female,66876.62,2023-05-18,2.5,Active
1065,Briana Harris,22,Finance,Female,91832.34,2015-09-08,2.0,On Leave
1271,Alexander Farrell,33,HR,Fmale,36661.52,2023-02-03,1.7,Active
1094,Gregory Wright,52,Marketing,Male,60815.26,2016-10-25,3.8,Terminated
1308,Kaitlyn Lee,58,Sales,Male,48976.34,2019-10-06,3.4,Terminated
1275,Timothy Farley,49,IT,Female,62608.62,2021-03-25,1.1,On Leave
1491,Jeffrey Dunn,54,Marketing,M,57971.19,2016-08-20,3.5,Terminated
1390,Meagan Landry,52,Operations,Female,53143.56,2023-03-08,,On Leave
1318,Zachary Lawrence,37,IT,M,62421.6,2025-03-04,2.7,On Leave
1409,Timothy Stephenson,32,Sales,Fmale,61699.06,2018-03-18,4.2,On Leave
1154,Jacob Klein,47,Finance,Fmale,52306.28,2020-10-12,1.6,Active
1102,Vincent Lawrence DDS,55,Finance,Male,,2022-10-07,,Active
1338,Elizabeth Wallace,38,Marketing,Female,55462.95,2020-06-27,1.9,Terminated
1006,Eric Marsh,24,Sales,Female,64713.71,2019-12-10,3.7,Active
1045,Ellen Griffin,54,Marketing,M,69513.6,2019-10-30,2.0,On Leave
1114,Cristina Johnson,32,Finance,Female,52779.92,2021-01-21,1.5,On Leave
1221,Jonathan Colon,27,Marketing,Fmale,73612.42,2018-02-20,3.6,Active
1141,Isaac Cook,43,Marketing,Female,67978.75,2023-03-26,4.3,Active
1211,Jose Smith,45,Marketing,Male,94645.84,2018-09-29,5.0,Terminated
1134,Kayla Rose,25,Operations,Female,99250.5,2024-05-10,3.0,On Leave
1262,Ann Robinson,28,Finance,Fmale,48605.72,2015-11-03,4.5,Terminated
1279,Kathryn Romero,55,HR,Male,36833.03,2017-04-21,2.4,Terminated
1080,Douglas Patel,40,Sales,Male,74237.14,2022-08-17,2.3,On Leave
1481,Jessica Johnson,49,Sales,Female,64866.0,2024-06-05,4.1,Active
1116,Michael Armstrong,53,Sales,Female,47805.67,2019-07-02,3.7,Terminated
1346,Isaiah Thomas,34,IT,Female,53325.81,2020-04-02,1.4,On Leave
1475,Robert Briggs,36,IT,Male,43558.15,2024-11-11,2.5,Terminated
1207,Ian Smith,22,Marketing,M,53697.2,2024-01-13,2.1,Active
1185,Kristin Hamilton,55,Marketing,Female,84982.12,2018-03-14,4.7,Active
1413,Angelica Miller,49,Sales,Male,51802.39,2022-02-15,3.6,Terminated
1359,Austin Krause,36,Operations,M,63449.32,2021-08-24,2.5,On Leave
1394,Kayla Nguyen,42,IT,Female,52734.59,2024-05-28,2.6,Active
1243,Robert Andrews,28,Marketing,Fmale,,2018-10-31,4.7,On Leave
1397,Justin Smith,24,HR,Fmale,47433.78,2018-06-29,2.2,On Leave
1010,Kelly Ballard,50,HR,M,41687.35,2017-03-18,4.1,Terminated
1483,Alyssa Price,58,HR,Male,49591.98,2020-07-07,3.8,Active
1046,Melissa Brown,59,IT,Male,105916.43,2019-02-20,4.6,On Leave
1354,James Campos,49,Marketing,Male,70784.3,2021-02-19,4.1,On Leave
1416,Ryan Camacho,42,Marketing,Fmale,81183.31,2025-06-15,2.3,On Leave
1305,Richard Parker,45,Sales,M,41342.05,2021-07-02,2.1,On Leave
1037,Savannah Smith,39,IT,Female,67229.69,2016-03-22,1.8,Active
1049,Tara Clark,49,IT,Male,33251.23,2023-03-16,4.0,Terminated
1299,Jeff Mcpherson,48,HR,Fmale,60866.93,2019-10-24,1.4,On Leave
1291,Jessica Harris,50,Operations,Male,36709.09,2017-10-12,1.9,Active
1314,Nicole Jones,48,HR,M,57036.97,2021-07-30,2.1,On Leave
1146,Erin Jones,27,HR,Male,24906.1,2017-04-18,3.5,Terminated
1123,William Adams,23,Finance,Female,72771.03,2016-03-08,3.0,Terminated
1477,Douglas Holland,50,Finance,Male,36905.0,2023-10-28,3.2,On Leave
1048,Pamela Wolf,40,Finance,Fmale,39847.14,2016-04-24,4.1,On Leave
1372,Nathan Ellis,47,Operations,Female,43346.65,2015-10-11,,Active
1316,Stephen May,23,IT,M,65610.85,2020-08-19,5.0,Terminated
1198,Traci Ross,35,IT,Female,63115.32,2023-10-04,3.9,Terminated
1258,Amber Rodriguez,33,Marketing,M,49662.18,2018-04-01,1.6,Terminated
1140,Gerald Owens,32,Sales,Fmale,56954.32,2021-11-08,1.7,On Leave
1499,Tanya Wheeler,56,Sales,Male,91641.67,2018-11-15,,Active
1417,Joseph Scott,52,Operations,M,47071.19,2018-09-02,,On Leave
1108,Glenn Knox,38,Finance,Fmale,61012.78,2018-09-24,1.1,Terminated
1009,Robert Perez,38,Marketing,Fmale,72338.17,2022-12-21,3.1,Active
1408,Mario Reed,46,Operations,Female,73219.27,2015-12-23,1.4,Terminated
1476,Albert Anderson,56,Finance,Female,59460.07,2015-11-10,3.4,Terminated
1462,Danielle Morrow,51,Operations,M,43876.51,2016-08-03,1.0,Active
1192,Elizabeth Davis,46,Finance,M,94477.03,2021-01-18,4.3,On Leave
1235,Dwayne Barnes,44,Operations,Female,34485.1,2025-06-05,2.7,Active
1022,Mary Merritt,34,Marketing,Fmale,66359.15,2016-05-12,2.2,Terminated
1472,Michael Sanchez,33,Finance,Female,79895.13,2017-04-12,1.4,Active
1273,Amber Jones,29,Sales,Female,82511.4,2017-08-14,1.7,Terminated
1429,Nicole Fleming,34,IT,Female,64233.11,2016-06-12,1.0,Active
1493,Sara James,24,IT,Female,48406.83,2015-12-05,2.4,On Leave
1370,Jonathan Gonzalez,55,Marketing,Female,65124.44,2021-08-16,3.2,Active
1079,Richard Holmes,41,Marketing,M,52152.18,2018-04-19,,Active
1330,Sharon Smith,46,Sales,Female,46522.98,2021-01-27,2.9,On Leave
1047,Richard Burch,55,Operations,Male,79505.18,2020-10-09,4.5,On Leave
1423,Matthew Mills,39,IT,Male,71453.87,2023-03-29,2.4,On Leave
1450,Erin Carroll DVM,29,Sales,Fmale,,2017-09-24,1.4,On Leave
1401,Richard Sherman,38,Marketing,Male,39931.9,2018-11-29,2.7,Active
1456,Daniel Christian,46,Operations,Female,75438.33,2019-07-31,1.2,Terminated
1220,Olivia Richards,59,IT,M,56989.31,2023-04-19,3.9,Terminated
1459,Matthew Hancock,36,Marketing,Male,52105.58,2022-07-18,3.6,Terminated
1339,Mr. Sean Butler,57,HR,Female,21691.18,2020-10-01,4.5,Active
1250,Lisa Morris,36,Finance,M,72690.2,2021-07-11,3.5,Terminated
1136,David Stanley,24,Finance,Female,71966.04,2020-12-22,2.3,Terminated
1202,Jessica Boyd,25,HR,Female,75199.74,2018-08-12,2.3,Active
1464,Shannon Powell PhD,52,Marketing,Male,58456.84,2018-08-05,4.3,On Leave
1111,Debbie Robertson,55,Operations,Fmale,63002.02,2019-08-13,2.6,Terminated
1492,Brandi Harrison DVM,37,Finance,M,75053.5,2022-08-11,4.7,Terminated
1064,Calvin Buchanan,55,Finance,M,72986.33,2019-08-18,1.4,Active
1293,Robin Wilson,30,Sales,Female,74726.48,2016-03-05,,Active
1093,Tracey Avila,57,Marketing,Male,67104.41,2018-11-03,3.5,Active
1246,Charles Scott,23,Finance,M,55258.53,2023-07-17,2.2,Terminated
1063,John Phillips,47,HR,Fmale,67574.81,2020-04-07,1.7,On Leave
1001,Erica Newman,50,Operations,Male,68156.15,2023-02-26,2.8,Active
1028,Michael Ho,53,Operations,Female,57699.95,2020-12-26,3.8,Active
1470,Stacy Malone,50,Sales,Fmale,56776.18,2021-11-17,,On Leave
1251,Richard Adams,31,Sales,M,60937.54,2017-10-25,1.3,Terminated
1357,Yvette Delacruz,42,HR,Male,58903.97,2022-11-12,2.9,Terminated
1178,Steve Rice,26,Finance,Fmale,47755.42,2023-05-07,4.1,Active
1188,Janice Smith,57,Operations,M,48669.26,2024-01-23,2.2,Active
1149,William Alvarez,25,IT,Female,82646.57,2021-11-06,2.4,Active
1240,Derrick Hicks,36,Marketing,Fmale,49621.38,2024-03-11,1.8,Active
1452,Hunter Cruz,45,IT,Fmale,55248.7,2021-02-12,3.5,Terminated
1449,Hunter Smith,35,Operations,M,37429.19,2019-04-23,,Active
1428,Jennifer Montgomery,35,Operations,Male,89083.93,2024-09-25,1.9,Active
1159,Brian Dalton PhD,57,Finance,Male,60835.87,2015-12-16,2.6,Terminated
1144,Joy Michael,54,IT,M,88605.28,2017-10-10,3.0,On Leave
1274,Andrew Pratt,58,Sales,Male,72753.33,2015-11-17,3.1,On Leave
1060,Danny Black,26,Operations,M,31795.31,2022-08-30,4.4,Active
1203,Mary Riley,37,Marketing,M,75152.05,2024-01-01,2.8,Terminated
1418,Joyce Cameron,41,Operations,Female,65453.19,2018-08-07,1.3,Terminated
1209,Ellen Stewart,30,Marketing,Female,56323.96,2017-11-22,4.8,Terminated
1430,Sara Collins,55,Finance,Female,71198.4,2023-04-25,2.8,Active
1150,Crystal Brown,52,Sales,Female,66030.52,2020-07-24,2.8,Terminated
1124,Steven Black,39,IT,Female,45180.96,2025-07-31,3.1,On Leave
1312,Sherry Massey,58,IT,Male,51987.77,2019-06-26,1.8,Active
1017,Michael Reed,44,Finance,Fmale,78182.59,2019-06-16,2.1,On Leave
1225,Jennifer Brown,52,Sales,Male,57493.23,2022-03-08,4.0,Active
1453,Angela Robertson,34,Finance,Fmale,55596.92,2024-12-28,4.7,Terminated
1230,Logan Martin,50,IT,Fmale,60719.31,2021-09-27,1.7,Active
1309,Katherine Henderson,31,Operations,Fmale,71013.66,2019-09-28,1.6,On Leave
1500,Sean Nguyen,40,IT,Female,71769.0,2018-12-02,2.2,Active
1344,John Ross,47,Marketing,M,59535.92,2022-04-14,4.5,Terminated
1403,Teresa Archer,43,IT,Male,74167.36,2017-10-22,2.4,Terminated
1098,Charles Hughes,56,Sales,Male,35990.83,2016-05-17,4.8,On Leave
1126,Michelle Melendez,46,Operations,Fmale,68642.62,2016-12-17,3.4,On Leave
1062,Danielle Smith,51,Operations,M,,2018-12-09,2.6,On Leave
1082,Patricia Massey,42,Marketing,M,59785.79,2022-09-17,4.2,On Leave
1480,Anna Johnson,42,IT,Fmale,46898.86,2022-06-21,3.2,Terminated
1325,Wendy Rodriguez,47,Sales,Female,65828.68,2016-07-17,3.0,On Leave
1386,Jeffrey Arnold,27,Operations,M,43205.74,2018-02-21,2.2,Terminated
1057,Bobby Kaiser,37,Sales,Fmale,61025.27,2024-11-04,3.7,Terminated
1020,Kayla Adams,34,Operations,Female,47341.55,2017-11-13,4.6,Terminated
1087,Maria Beasley,22,Marketing,Female,55239.47,2018-06-10,3.4,Terminated
1327,Brenda Mills,59,Marketing,Male,53421.19,2021-05-08,4.5,Active
1247,Danielle Garner,29,Marketing,Fmale,89442.34,2023-04-08,4.9,Terminated
1138,Mary Sexton,30,IT,Male,63444.94,2022-09-29,3.4,Terminated
1317,Terri Mitchell,29,IT,Male,47625.47,2020-01-16,3.5,Active
1035,Michelle Reed,24,Operations,M,,2022-05-05,3.0,Terminated
1297,Caroline James,36,Operations,Fmale,61563.02,2017-06-08,4.7,On Leave
1139,Jose Taylor,56,HR,Female,68656.08,2025-08-07,4.9,On Leave
1255,Michaela Smith,33,Sales,Female,65898.95,2023-06-25,2.4,Active
1077,Sarah Gill,57,Finance,Female,79164.97,2018-11-17,4.7,On Leave
1443,Teresa Garrett,40,Finance,Male,57938.27,2023-03-06,3.5,Terminated
1027,Andrea Rice,30,Operations,Female,89176.73,2015-08-22,2.0,On Leave
1289,Randy Watson,40,Operations,Male,55206.65,2016-01-03,3.6,Active
1044,Rebecca Dennis,41,Marketing,Male,69848.3,2021-10-21,4.0,Terminated
1097,Patricia Adams,38,HR,Fmale,50320.17,2022-04-17,2.1,Active
1084,Melinda Jenkins,33,Marketing,Fmale,86556.47,2016-11-19,4.3,Active
1253,Ricky Hernandez,36,IT,Fmale,52598.06,2017-10-01,3.5,Terminated
1367,James Mitchell,24,HR,Fmale,68482.64,2018-07-12,4.5,Active
1362,Annette Bates,33,Operations,M,59960.97,2017-10-23,2.0,On Leave
1186,Julie Hoover,49,Operations,Male,75215.55,2021-12-07,2.7,Active
1074,Martha Parker,55,Sales,Male,63113.97,2023-03-23,3.0,Terminated
1374,Richard Roach,40,Marketing,Female,76832.63,2016-10-05,2.5,Terminated
1249,Russell Joseph,29,Marketing,Female,74097.72,2016-04-02,1.4,Terminated
1407,Jillian Obrien,24,Marketing,Fmale,61250.21,2017-11-16,1.4,Active
1402,John Walker,43,HR,M,68273.39,2025-07-16,3.7,On Leave
1248,Jon Davis,32,HR,Male,54224.1,2018-04-18,4.4,Terminated
1393,Mary Russell,34,Marketing,Male,49232.65,2015-12-03,1.2,On Leave
1234,Lauren Miller,54,Operations,M,48901.89,2025-07-23,3.0,Terminated
1272,Dr. Adriana Perry,31,IT,Female,55914.06,2025-01-13,1.6,Terminated
1435,Renee Franklin,57,IT,Female,,2021-03-10,2.9,Active
1137,Alexis Parrish,44,HR,Male,38996.77,2024-07-16,1.4,Terminated
1431,Breanna Brown,29,Finance,Female,56425.82,2015-12-22,,On Leave
1296,Tiffany Wright,42,Sales,Female,70877.27,2022-05-21,1.0,Terminated
1050,Nicholas Duffy,50,Marketing,Female,56352.98,2017-08-30,4.9,Terminated
1208,Alexander Gonzales,58,IT,Fmale,,2021-06-05,1.1,Terminated
1489,Robert Harris,38,HR,Female,77909.34,2024-02-10,3.3,On Leave
1487,Christopher Lopez,53,Operations,Fmale,31127.82,2022-11-12,3.1,On Leave
1133,Jeffrey Sullivan,36,Sales,Male,33807.58,2025-04-07,1.8,Active
1051,Donna Sherman,54,Sales,Fmale,56738.15,2018-05-20,2.1,On Leave
1239,Susan Harding,41,Sales,Fmale,37117.12,2024-06-13,2.6,On Leave
1053,Mark Harper,45,IT,Female,69526.69,2017-10-08,2.0,Active
1081,James White,40,Marketing,Fmale,47201.1,2018-11-27,3.4,Terminated
1451,Joshua Parker,42,HR,Male,38239.32,2019-01-13,1.2,Active
1032,Rodney Cox,25,Sales,Fmale,75986.91,2017-07-21,2.5,Terminated
1122,Eric Keller,43,Sales,Male,71362.62,2018-01-26,4.0,On Leave
1212,Dakota Coleman,41,IT,M,50041.55,2021-11-13,1.9,On Leave
1352,Julie Jones,28,Sales,Female,79482.17,2023-10-22,2.4,On Leave
1455,Connor Velazquez,33,Operations,Male,42027.24,2016-01-07,4.8,On Leave
1303,Mrs. Yvette Huff DDS,34,Sales,Male,78092.3,2025-01-17,1.9,Active
1197,Victor Robinson,53,Marketing,Male,66444.27,2016-06-16,3.3,On Leave
1089,Robert Knight,31,Marketing,Male,55465.14,2021-12-24,1.2,Active
1326,Jesse Reed,58,IT,M,97394.99,2022-06-28,3.0,On Leave
1324,Lisa Turner,30,Finance,M,53882.65,2022-07-12,4.3,Terminated
1256,Erika Wright,28,HR,M,70221.68,2019-11-08,3.2,Terminated
1381,Robin Smith,40,IT,M,42874.66,2019-08-29,2.7,Terminated
1059,Kenneth Gordon,27,Finance,Male,65316.29,2020-02-15,4.3,Active
1034,Daniel Martinez,54,Finance,Fmale,38972.23,2024-11-18,3.0,Active
1039,Sarah White,23,Finance,M,75007.28,2022-09-24,2.1,On Leave
1360,Diana Price,46,Sales,Fmale,46375.47,2016-09-24,2.1,On Leave
1052,Katie Hart,39,HR,Male,52871.14,2020-12-27,4.7,On Leave
1364,Krista Kelley,46,Operations,Fmale,63512.06,2018-08-12,1.2,Active
1427,James Moreno,24,Operations,Female,61895.69,2020-08-21,1.9,On Leave
1261,Corey Frye,24,HR,Fmale,57365.98,2016-03-31,2.7,On Leave
1103,Ernest Cabrera,27,Sales,Male,65136.85,2024-02-19,4.7,On Leave
1196,Frank Terrell,33,Marketing,Female,73953.8,2016-05-09,5.0,Terminated
1168,Jaime Zavala,22,HR,Female,51396.22,2018-10-26,2.8,Terminated
1294,Casey Patterson,47,Marketing,M,55127.53,2016-10-09,1.6,On Leave
1117,Alan Anderson,40,IT,Female,52451.44,2023-07-03,1.1,Terminated
1125,Joshua Allen,46,IT,Female,48433.7,2020-10-19,4.4,On Leave
1405,Amy Torres,43,Sales,M,45389.46,2022-06-20,4.8,Terminated
1219,Jason Mays,30,HR,M,67601.02,2024-05-20,2.1,Terminated
1288,Cindy Allen,40,Finance,Male,55099.44,2024-01-21,4.0,On Leave
1320,Stephen Johnson,49,Marketing,Male,41781.85,2021-02-06,1.1,Terminated
1048,Pamela Wolf,40,Finance,Fmale,39847.14,2016-04-24,4.1,On Leave
1214,Kristen Carr,26,Finance,Male,52482.9,2015-10-03,4.9,Terminated
1498,Timothy King,35,HR,M,66744.84,2020-04-06,2.6,On Leave
1096,Amy Cross,49,Marketing,M,47875.53,2018-04-16,4.9,Active
1434,Melissa Morgan,40,HR,Female,67428.19,2016-03-09,1.5,On Leave
1163,Jason Johnson,45,Marketing,Male,,2025-05-15,2.2,On Leave
1264,Evelyn Watson,53,Operations,Fmale,46475.99,2017-11-07,1.1,Terminated
1361,Gary Lane,53,Finance,M,55188.38,2022-07-25,3.7,Terminated
1076,Holly Mcintyre,30,Operations,M,68719.71,2023-12-06,3.3,Active
1467,Jeff Vaughan,49,Finance,Fmale,82440.11,2024-03-17,,On Leave
1300,Jacob Cox,23,Finance,Female,71544.87,2024-07-17,2.7,Terminated
1023,Steven Griffin,23,Operations,Fmale,37995.48,2016-02-21,2.8,Active
1073,Reginald Sanchez,50,Operations,Male,52703.51,2019-02-02,,Active
1494,Courtney Delgado,45,Sales,Fmale,66105.78,2024-04-25,3.1,Terminated
1016,Pamela Davis,49,Sales,M,70166.51,2018-04-03,3.5,Active
1169,James Ayala,49,Operations,M,51543.5,2018-04-29,1.4,On Leave
